epoch, dice, Jac, clDice 
001,0.303345,0.191496,0.357137 
000,0.303345 
