epoch, dice, Jac, clDice 
001,0.021178,0.011498,nan 
000,0.021178 
